{"Fold_0":{"Test":{"IBS":0.1531630938963506,"Loss":1.955094297726949,"C-index":0.7256588072122053,"C-index IPCW":0.7233844416262603,"AUC":0.7440332283277133},"Train":{"loss":1.5097129344940186,"lr":1e-06}},"_timestamp":1.7560512290659146e+09,"_runtime":886.589337463,"_step":19,"_wandb":{"runtime":894}}