{"Fold_0":{"Test":{"C-index IPCW":0.6861618605227886,"AUC":0.6669621834908629,"IBS":0.28283854881644266,"Loss":2.4196353753407798,"C-index":0.6917244567730004},"Train":{"loss":2.7377121448516846,"lr":1e-06}},"_timestamp":1.7557034340026057e+09,"_runtime":865.002037822,"_step":19,"_wandb":{"runtime":872}}