{"_wandb":{"runtime":904},"_step":19,"Fold_0":{"Train":{"loss":6.044554710388184,"lr":1e-06},"Test":{"C-index IPCW":0.7120576366963082,"AUC":0.7434311780376981,"IBS":0.5593018578053831,"Loss":3.08368182182312,"C-index":0.7273693943596856}},"_timestamp":1.7557714949132068e+09,"_runtime":897.434362537}