{"_timestamp":1.7562016580204065e+09,"_runtime":806.795789047,"_step":19,"_wandb":{"runtime":815},"Fold_0":{"Train":{"loss":5.980457782745361,"lr":1e-06},"Test":{"C-index IPCW":0.7793229136246617,"AUC":0.7686002663024423,"IBS":0.5723978481175143,"Loss":3.8851758241653442,"C-index":0.7778100072516316}}}