{"_runtime":878.827432602,"_step":19,"_wandb":{"runtime":885},"Fold_0":{"Test":{"Loss":3.066019137700399,"C-index":0.7526121128062876,"C-index IPCW":0.7418830700178718,"AUC":0.7733846765439969,"IBS":0.5327853000566911},"Train":{"lr":1e-06,"loss":6.033714294433594}},"_timestamp":1.755860308384081e+09}