{"_step":19,"_wandb":{"runtime":3339},"Fold_0":{"Train":{"loss":1.1406598091125488,"lr":1e-06},"Test":{"AUC":0.6074510620619885,"IBS":0.5367339268164234,"Loss":0.8144416060853505,"C-index":0.5896440129449838,"C-index IPCW":0.6188907627091196}},"_timestamp":1.7557903321894495e+09,"_runtime":3324.5303168}