{"_wandb":{"runtime":895},"_timestamp":1.7556981042536502e+09,"_runtime":888.394018412,"_step":19,"Fold_0":{"Train":{"lr":1e-06,"loss":6.043856620788574},"Test":{"Loss":2.9926013946533203,"C-index":0.7500693481276005,"C-index IPCW":0.7427769396504568,"AUC":0.7862004152115587,"IBS":0.524370878693149}}}