{"_timestamp":1.7558520220361075e+09,"_runtime":2453.374466725,"_step":13,"_wandb":{"runtime":2489},"Fold_0":{"Train":{"loss":3.9866621494293213,"lr":4.201536739689896e-05},"Test":{"C-index IPCW":0.47577125091697464,"AUC":0.5000000000000001,"IBS":0.5607612941944949,"Loss":0.7619194616662696,"C-index":0.4723532131299122}}}