{"_wandb":{"runtime":3401},"_step":19,"Fold_0":{"Train":{"loss":1.3674907684326172,"lr":1e-06},"Test":{"C-index IPCW":0.6232446230796358,"AUC":0.5000000000000001,"IBS":0.3767316997855923,"Loss":0.7635115803556239,"C-index":0.6236939435968563}},"_timestamp":1.755795992628517e+09,"_runtime":3387.135222805}