{"_step":19,"Fold_0":{"Train":{"loss":5.868863582611084,"lr":1e-06},"Test":{"C-index IPCW":0.7359239383503309,"AUC":0.7645415310326399,"IBS":0.4966533718363449,"Loss":3.0552452007929483,"C-index":0.7394822006472492}},"_timestamp":1.7557647319273121e+09,"_runtime":892.700535824,"_wandb":{"runtime":899}}