{"_wandb":{"runtime":307},"Fold_0":{"Train":{"lr":0.00015898463260310101,"loss":8.050829887390137},"Test":{"C-index IPCW":0.39515520143879823,"AUC":0.3702244314765174,"IBS":0.5598654255598852,"Loss":3.314505378405253,"C-index":0.408876560332871}},"_timestamp":1.7558568475428567e+09,"_runtime":299.765196544,"_step":5}