{"Fold_0":{"Test":{"C-index":0.4294960702727693,"C-index IPCW":0.4114758297641212,"AUC":0.4332397643115484,"IBS":0.5517544130530614,"Loss":0.7563014474320919},"Train":{"loss":4.008045673370361,"lr":0.0001987749898892162}},"_timestamp":1.7558523539146507e+09,"_runtime":289.214500382,"_step":0,"_wandb":{"runtime":318}}