{"_wandb":{"runtime":917},"Fold_0":{"Train":{"loss":5.659977912902832,"lr":1e-06},"Test":{"C-index IPCW":0.7366552979550508,"AUC":0.6782335363063174,"IBS":0.26431282346077867,"Loss":4.810171604156494,"C-index":0.7445677300046232}},"_timestamp":1.7557862556040535e+09,"_runtime":910.540600461,"_step":19}