{"_runtime":982.625415481,"_step":19,"_wandb":{"runtime":990},"Fold_0":{"Test":{"AUC":0.7365054751332146,"IBS":0.5584630031545696,"Loss":2.8457982301712037,"C-index":0.7357374017568192,"C-index IPCW":0.7272479137102925},"Train":{"lr":1e-06,"loss":4.830790996551514}},"_timestamp":1.755776644966244e+09}