{"Fold_0":{"Train":{"lr":1e-06,"loss":5.394772052764893},"Test":{"AUC":0.7714719741064154,"IBS":0.5237906955302418,"Loss":3.029709776242574,"C-index":0.7496994914470643,"C-index IPCW":0.7367830860335277}},"_timestamp":1.7557002426382322e+09,"_wandb":{"runtime":911},"_runtime":903.68495494,"_step":19}