{"_timestamp":1.755702865707166e+09,"_wandb":{"runtime":942},"_runtime":934.915258463,"_step":19,"Fold_0":{"Test":{"Loss":3.081057588259379,"C-index":0.7520110957004161,"C-index IPCW":0.7408900844365204,"AUC":0.7754770388096386,"IBS":0.5243488759875543},"Train":{"lr":1e-06,"loss":3.4935686588287354}}}