{"_timestamp":1.756200417583294e+09,"_runtime":768.268028803,"_step":19,"_wandb":{"runtime":775},"Fold_0":{"Train":{"lr":1e-06,"loss":5.986682891845703},"Test":{"AUC":0.7154247718836632,"IBS":0.5928926946752034,"Loss":3.104596257209778,"C-index":0.7195752410227749,"C-index IPCW":0.6926154969778358}}}