{"_step":1,"_wandb":{"runtime":510},"Fold_0":{"Train":{"loss":5.981565952301025,"lr":0.0001951301233713679},"Test":{"C-index IPCW":0.6477496037462508,"AUC":0.6230630351386311,"IBS":0.5605009035539955,"Loss":NaN,"C-index":0.6387887193712436}},"_timestamp":1.7557631211798646e+09,"_runtime":458.719575477}