{"_wandb":{"runtime":901},"_step":19,"Fold_0":{"Train":{"lr":1e-06,"loss":5.334865093231201},"Test":{"IBS":0.2630015261494311,"Loss":4.703844706217448,"C-index":0.7472954230235783,"C-index IPCW":0.7388925975708089,"AUC":0.7005309222138644}},"_timestamp":1.7557850548142743e+09,"_runtime":893.995803073}