{"_runtime":1776.908085004,"_wandb":{"runtime":1936},"_step":9,"Fold_0":{"Train":{"lr":0.00010049999999999994,"loss":1.2508302927017212},"Test":{"AUC":0.5000000000000001,"IBS":0.3767316997855923,"Loss":0.7622339839630938,"C-index":0.6009708737864078,"C-index IPCW":0.5759558915965697}},"_timestamp":1.7557924247902527e+09}