{"_step":19,"_wandb":{"runtime":918},"Fold_0":{"Train":{"loss":5.9612345695495605,"lr":1e-06},"Test":{"C-index IPCW":0.7224918609648509,"AUC":0.7543447172476517,"IBS":0.5125116162267478,"Loss":2.999061385790507,"C-index":0.730328247803976}},"_timestamp":1.7557053274462874e+09,"_runtime":911.065439118}