{"_step":19,"Fold_0":{"Train":{"lr":1e-06,"loss":6.045682907104492},"Test":{"C-index":0.7488210818307905,"C-index IPCW":0.7416114725136849,"AUC":0.7852321153241311,"IBS":0.5237377843801205,"Loss":3.019905924797058}},"_wandb":{"runtime":914},"_timestamp":1.755702290752291e+09,"_runtime":906.888230043}