{"_step":19,"Fold_0":{"Train":{"loss":1.4485362768173218,"lr":1e-06},"Test":{"C-index":0.634789644012945,"C-index IPCW":0.641136907026561,"AUC":0.5000000000000001,"IBS":0.3767316997855923,"Loss":0.7629277084736114}},"_timestamp":1.7558097761596467e+09,"_runtime":3348.1415924,"_wandb":{"runtime":3362}}