{"_wandb":{"runtime":3406},"_timestamp":1.7558156180969048e+09,"_runtime":3393.114200002,"_step":19,"Fold_0":{"Train":{"lr":1e-06,"loss":4.597607612609863},"Test":{"C-index":0.4102404068423486,"C-index IPCW":0.4030539151167009,"AUC":0.5000000000000001,"IBS":0.5607612941944949,"Loss":0.762212280263292}}}