{"Fold_0":{"Train":{"loss":7.424771308898926,"lr":0.0001160652292715029},"Test":{"C-index":0.7112806287563569,"C-index IPCW":0.6991602901111256,"AUC":0.71448214385712,"IBS":0.5586534432691049,"Loss":3.101882576942444}},"_timestamp":1.7557841417272873e+09,"_runtime":427.895506963,"_step":8,"_wandb":{"runtime":429}}