{"_step":19,"_wandb":{"runtime":884},"Fold_0":{"Train":{"lr":1e-06,"loss":6.658742904663086},"Test":{"C-index":0.7280166435506241,"C-index IPCW":0.721745553952217,"AUC":0.7550514088014837,"IBS":0.5236775697610598,"Loss":3.07499889532725}},"_timestamp":1.755699276674318e+09,"_runtime":877.115638301}