{"Fold_0":{"Train":{"lr":0.00011606522927150302,"loss":6.073119640350342},"Test":{"IBS":0.5954272299449509,"Loss":2.9276121258735657,"C-index":0.7075590331144335,"C-index IPCW":0.6803239110879822,"AUC":0.746365227225299}},"_timestamp":1.7561995514617376e+09,"_runtime":372.320987506,"_step":8,"_wandb":{"runtime":380}}